"Name","Team","G","PA","HR","R","RBI","SB","BB%","K%","ISO","BABIP","AVG","OBP","SLG","wOBA","xwOBA","wRC+","BsR","Off","Def","WAR","ISO","GB/FB","LD%","GB%","FB%","wRC+","O-Swing%","Z-Swing%","Swing%","O-Contact%","Z-Contact%","Pull%","Cent%","Oppo%","Soft%","Med%","Hard%","playerid"
"Christian Yelich","MIL","130","580","44","100","97","30","13.8%","20.3%",".342",".355",".329",".429",".671",".442",".425","175","8.5","65.7","-3.9","7.8",".342","1.20","20.9%","43.2%","35.9%","175","30.6%","71.2%","45.2%","56.8%","87.0%","39.3%","37.4%","23.3%","14.4%","34.8%","50.8%","11477"
"Mike Trout","LAA","134","600","45","110","104","11","18.3%","20.0%",".353",".298",".291",".438",".645",".436",".455","178","7.1","66.8","-0.3","8.5",".353","0.49","26.6%","24.3%","49.2%","178","20.5%","61.2%","36.8%","69.2%","88.8%","42.4%","33.3%","24.3%","13.0%","43.2%","43.8%","10155"
"Alex Bregman","HOU","156","690","41","122","112","5","17.2%","12.0%",".296",".281",".296",".423",".592",".418",".369","169","-2.1","58.7","4.8","8.5",".296","0.69","22.5%","31.5%","45.9%","169","18.8%","58.8%","35.1%","77.0%","91.7%","45.3%","36.3%","18.4%","14.8%","40.3%","44.9%","17678"
"Nelson Cruz","MIN","120","521","41","81","108","0","10.7%","25.1%",".328",".351",".311",".392",".639",".417",".415","163","-4.5","37.7","-12.3","4.3",".328","0.98","20.2%","39.6%","40.2%","163","30.5%","72.0%","46.2%","53.6%","80.9%","41.7%","32.8%","25.5%","12.0%","35.6%","52.5%","2434"
"Cody Bellinger","LAD","156","660","47","121","115","15","14.4%","16.4%",".324",".302",".305",".406",".629",".415",".428","162","1.4","55.3","3.4","7.8",".324","0.74","26.2%","31.5%","42.4%","162","26.8%","70.4%","44.4%","69.5%","83.0%","47.9%","32.3%","19.8%","13.2%","37.6%","49.2%","15998"
"Anthony Rendon","WSN","146","646","34","117","126","5","12.4%","13.3%",".279",".323",".319",".412",".598",".413",".414","154","0.4","46.8","4.2","7.0",".279","0.72","21.2%","33.1%","45.7%","154","23.8%","70.1%","43.1%","77.8%","93.2%","42.1%","32.9%","25.0%","16.9%","38.5%","44.7%","12861"
"Ketel Marte","ARI","144","628","32","97","92","10","8.4%","13.7%",".264",".342",".329",".389",".592",".405",".373","150","4.2","45.5","6.7","7.0",".264","1.24","22.2%","43.1%","34.8%","150","31.8%","71.6%","47.6%","73.3%","90.6%","43.7%","35.5%","20.8%","15.7%","42.3%","42.1%","13613"
"George Springer","HOU","122","556","39","96","96","6","12.1%","20.3%",".299",".305",".292",".383",".591",".400",".390","157","0.9","41.3","6.4","6.5",".299","1.25","19.7%","44.6%","35.7%","157","22.8%","72.1%","44.0%","56.5%","82.7%","40.3%","37.0%","22.7%","16.5%","38.4%","45.1%","12856"
"Juan Soto","WSN","150","659","34","110","110","12","16.4%","20.0%",".266",".312",".282",".401",".548",".394",".408","142","-0.5","36.2","-7.5","4.9",".266","1.12","21.2%","41.6%","37.2%","142","23.4%","68.6%","40.8%","62.1%","86.6%","39.4%","34.1%","26.4%","12.5%","46.2%","41.3%","20123"
"Nolan Arenado","COL","155","662","41","102","118","3","9.4%","14.0%",".269",".312",".315",".379",".583",".392",".342","129","2.5","27.5","12.5","6.0",".269","0.80","19.3%","36.0%","44.7%","129","37.9%","73.3%","51.4%","69.5%","89.3%","42.5%","34.4%","23.1%","16.9%","40.6%","42.5%","9777"
"Anthony Rizzo","CHC","146","613","27","89","94","5","11.6%","14.0%",".227",".306",".293",".405",".520",".390",".386","142","-5.4","28.6","-6.9","4.0",".227","1.35","25.3%","42.9%","31.9%","142","33.8%","65.3%","45.5%","74.5%","88.6%","42.9%","32.4%","24.7%","18.4%","44.3%","37.3%","3473"
"Xander Bogaerts","BOS","155","698","33","110","117","4","10.9%","17.5%",".246",".338",".309",".384",".555",".390",".349","141","1.0","37.7","8.1","6.8",".246","1.04","19.1%","41.2%","39.8%","141","29.4%","57.7%","41.1%","68.6%","89.4%","42.6%","32.9%","24.5%","14.1%","47.2%","38.8%","12161"
"Charlie Blackmon","COL","140","634","32","112","86","2","6.3%","16.4%",".262",".334",".314",".364",".576",".387",".365","126","-4.5","17.1","-16.9","2.0",".262","1.04","23.0%","39.2%","37.8%","126","33.3%","70.8%","49.7%","70.2%","88.6%","42.8%","32.8%","24.3%","15.6%","44.1%","40.3%","7859"
"Freddie Freeman","ATL","158","692","38","113","121","6","12.6%","18.4%",".255",".318",".295",".389",".549",".387",".394","138","-0.1","34.6","-16.2","4.0",".255","1.12","27.5%","38.3%","34.1%","138","32.9%","82.6%","51.9%","69.0%","82.7%","40.5%","30.9%","28.6%","12.3%","40.9%","46.8%","5361"
"J.D. Martinez","BOS","146","657","36","98","105","2","11.0%","21.0%",".252",".342",".304",".383",".557",".386",".388","139","-4.6","28.1","-18.1","3.2",".252","1.23","22.4%","42.8%","34.8%","139","31.8%","75.7%","49.5%","56.2%","86.8%","41.2%","32.4%","26.5%","10.2%","43.9%","45.9%","6184"
"Jeff McNeil","NYM","133","567","23","83","75","5","6.2%","13.2%",".214",".337",".318",".384",".531",".384",".345","143","-2.9","29.1","-0.8","4.5",".214","1.25","22.1%","43.3%","34.7%","143","41.7%","85.0%","59.9%","71.5%","88.1%","46.3%","31.4%","22.2%","11.2%","50.9%","37.8%","15362"
"Pete Alonso","NYM","161","693","53","103","120","1","10.4%","26.4%",".323",".280",".260",".358",".583",".384",".373","143","-2.2","36.7","-9.7","4.8",".323","0.98","18.0%","40.5%","41.5%","143","34.6%","68.1%","46.6%","62.0%","83.4%","45.8%","36.7%","17.5%","15.8%","42.0%","42.2%","19251"
"Eugenio Suarez","CIN","159","662","49","87","103","3","10.6%","28.5%",".301",".312",".271",".358",".572",".381",".350","133","-6.2","22.5","1.9","4.5",".301","0.85","21.7%","36.0%","42.3%","133","26.6%","68.6%","44.4%","51.3%","84.6%","52.0%","26.8%","21.2%","15.1%","38.3%","46.7%","12552"
"Mookie Betts","BOS","150","706","29","135","80","16","13.7%","14.3%",".229",".309",".295",".391",".524",".380",".405","135","5.6","37.1","6.3","6.6",".229","0.72","24.8%","31.5%","43.8%","135","21.4%","61.5%","38.3%","71.9%","93.7%","43.6%","33.7%","22.8%","11.5%","45.5%","43.0%","13611"
"Trevor Story","COL","145","656","35","111","85","23","8.8%","26.5%",".260",".361",".294",".363",".554",".380",".340","121","5.9","24.3","15.1","5.9",".260","0.79","24.3%","33.4%","42.3%","121","31.5%","72.0%","48.0%","60.1%","84.8%","39.6%","32.1%","28.3%","12.2%","43.9%","43.9%","12564"
"Carlos Santana","CLE","158","686","34","110","93","4","15.7%","15.7%",".234",".293",".281",".397",".515",".380",".365","136","1.5","33.0","-11.1","4.5",".234","1.20","17.1%","45.2%","37.7%","136","21.2%","66.2%","39.3%","66.2%","87.6%","45.6%","34.9%","19.5%","16.3%","40.5%","43.3%","2396"
"Austin Meadows","TBR","138","591","33","83","89","12","9.1%","22.2%",".268",".331",".291",".364",".558",".380",".374","143","-1.0","31.3","-10.3","4.1",".268","0.80","23.1%","34.1%","42.9%","143","27.4%","62.2%","42.2%","63.2%","87.9%","45.1%","34.8%","20.1%","13.3%","41.4%","45.4%","15672"
"Kris Bryant","CHC","147","634","31","108","77","4","11.7%","22.9%",".239",".331",".282",".382",".521",".379",".347","135","3.8","33.4","-4.1","4.8",".239","0.83","20.9%","35.9%","43.2%","135","30.5%","76.0%","48.4%","60.3%","82.6%","46.5%","30.0%","23.5%","16.8%","47.5%","35.8%","15429"
"Yoan Moncada","CHW","132","559","25","83","79","10","7.2%","27.5%",".233",".406",".315",".367",".548",".379",".356","140","3.5","32.1","6.1","5.6",".233","1.23","23.1%","42.3%","34.5%","140","32.7%","66.9%","47.3%","51.2%","83.3%","39.6%","34.3%","26.0%","12.2%","47.9%","39.9%","17232"
"Josh Bell","PIT","143","613","37","94","116","0","12.1%","19.2%",".292",".288",".277",".367",".569",".378",".382","135","-5.0","23.2","-18.2","2.4",".292","1.18","18.8%","44.0%","37.3%","135","30.2%","77.8%","48.1%","66.0%","83.2%","42.5%","33.2%","24.3%","13.2%","41.3%","45.4%","13145"
"Jorge Soler","KCR","162","679","48","95","117","3","10.8%","26.2%",".304",".294",".265",".354",".569",".378",".391","136","-0.7","30.4","-17.2","3.6",".304","0.95","19.5%","39.3%","41.2%","136","27.1%","70.7%","44.0%","47.1%","83.7%","46.7%","31.1%","22.2%","13.0%","40.2%","46.7%","14221"
"Josh Donaldson","ATL","155","659","37","96","94","4","15.2%","23.5%",".262",".292",".259",".379",".521",".377",".384","132","-3.0","24.6","4.5","4.9",".262","1.16","21.5%","42.2%","36.4%","132","25.7%","71.8%","43.8%","62.4%","76.6%","48.5%","26.8%","24.7%","15.2%","37.6%","47.2%","5038"
"Rafael Devers","BOS","156","702","32","129","115","8","6.8%","17.0%",".244",".339",".311",".361",".555",".377",".361","133","2.3","31.6","4.9","5.9",".244","1.29","21.3%","44.4%","34.3%","133","40.5%","76.2%","54.9%","71.9%","82.6%","42.1%","30.2%","27.7%","17.7%","44.7%","37.5%","17350"
"DJ LeMahieu","NYY","145","655","26","109","102","5","7.0%","13.7%",".191",".349",".327",".375",".518",".375",".370","135","-0.8","29.0","2.8","5.3",".191","1.91","23.7%","50.1%","26.2%","135","30.2%","65.8%","45.6%","75.0%","91.8%","27.9%","38.5%","33.7%","14.3%","45.3%","40.4%","9874"
"Jose Altuve","HOU","124","548","31","89","74","6","7.5%","15.0%",".252",".303",".298",".353",".550",".374",".335","139","-5.0","22.3","-4.8","3.6",".252","1.53","17.6%","49.9%","32.5%","139","32.7%","68.1%","46.8%","72.4%","86.9%","50.0%","32.7%","17.3%","17.5%","41.7%","40.8%","5417"
"Trey Mancini","BAL","154","679","35","106","97","1","9.3%","21.1%",".244",".326",".291",".364",".535",".373",".361","134","-2.1","27.6","-13.4","3.7",".244","1.44","22.2%","45.9%","31.9%","134","33.4%","69.7%","48.1%","64.1%","83.4%","35.8%","37.5%","26.7%","15.7%","47.0%","37.3%","15149"
"Marcus Semien","OAK","162","747","33","123","92","10","11.6%","13.7%",".237",".294",".285",".369",".522",".373",".352","138","1.7","38.2","14.1","7.6",".237","1.06","20.0%","41.1%","38.9%","138","23.0%","68.7%","42.1%","68.3%","89.6%","44.1%","31.5%","24.5%","14.9%","43.3%","41.7%","12533"
"Max Muncy","LAD","141","589","35","101","98","4","15.3%","25.3%",".265",".283",".251",".374",".515",".372",".379","134","4.8","31.3","-0.8","4.8",".265","0.98","23.5%","37.8%","38.7%","134","23.1%","64.0%","39.9%","59.0%","81.2%","44.2%","32.2%","23.7%","11.7%","42.1%","46.2%","13301"
"Bryan Reynolds","PIT","134","546","16","83","68","3","8.4%","22.2%",".189",".387",".314",".377",".503",".371",".355","130","0.7","22.4","-7.6","3.1",".189","1.56","23.9%","46.4%","29.8%","130","31.1%","74.2%","47.9%","59.0%","87.1%","38.6%","35.1%","26.3%","16.4%","40.8%","42.9%","19326"
"Justin Turner","LAD","135","549","27","80","67","2","9.3%","16.0%",".219",".304",".290",".372",".509",".370",".372","132","-1.1","22.3","-5.3","3.4",".219","0.84","25.9%","33.8%","40.4%","132","28.1%","67.6%","45.4%","76.1%","89.0%","38.2%","37.0%","24.8%","12.4%","37.2%","50.4%","5235"
"Ronald Acuna Jr.","ATL","156","715","41","127","101","37","10.6%","26.3%",".238",".337",".280",".365",".518",".369",".393","126","8.1","32.7","1.5","5.6",".238","1.01","24.4%","38.0%","37.6%","126","26.7%","71.5%","45.3%","63.2%","80.0%","40.1%","32.8%","27.1%","14.1%","40.1%","45.8%","18401"
"Matt Olson","OAK","127","547","36","73","91","0","9.3%","25.2%",".277",".300",".267",".351",".545",".368",".381","135","-0.5","24.1","-3.0","3.9",".277","0.70","24.0%","31.4%","44.6%","135","28.6%","67.6%","45.1%","68.6%","78.7%","51.7%","30.1%","18.2%","15.6%","34.1%","50.3%","14344"
"Michael Brantley","HOU","148","637","22","88","90","3","8.0%","10.4%",".191",".320",".311",".372",".503",".367",".349","134","0.0","27.7","-6.8","4.2",".191","1.47","23.9%","45.3%","30.8%","134","29.2%","61.5%","43.7%","82.3%","95.8%","40.2%","33.5%","26.3%","13.3%","44.8%","41.9%","4106"
"Bryce Harper","PHI","157","682","35","98","114","15","14.5%","26.1%",".250",".313",".260",".372",".510",".365",".383","125","-0.6","22.2","3.0","4.6",".250","1.01","23.9%","38.3%","37.8%","125","31.6%","77.3%","48.3%","52.2%","79.7%","37.8%","37.8%","24.3%","10.5%","41.4%","48.1%","11579"
"Yuli Gurriel","HOU","144","612","31","85","104","5","6.0%","10.6%",".243",".289",".298",".343",".541",".364",".315","132","-2.6","22.7","-10.8","3.3",".243","0.97","22.4%","38.2%","39.4%","132","35.4%","69.3%","49.7%","78.0%","92.1%","45.3%","32.9%","21.8%","17.8%","43.6%","38.6%","19198"
"Tim Anderson","CHW","123","518","18","81","56","17","2.9%","21.0%",".173",".399",".335",".357",".508",".363",".325","129","1.7","20.9","-3.7","3.4",".173","1.76","23.8%","48.6%","27.6%","129","45.2%","77.5%","58.5%","61.5%","89.9%","32.7%","37.1%","30.2%","17.9%","49.9%","32.2%","15172"
"Joc Pederson","LAD","149","514","36","83","74","1","9.7%","21.6%",".289",".249",".249",".339",".538",".362",".344","127","0.1","18.5","-3.7","3.0",".289","1.02","17.4%","41.8%","40.9%","127","30.2%","68.0%","45.7%","67.9%","84.0%","49.0%","33.1%","17.9%","16.4%","38.4%","45.2%","11899"
"Yasmani Grandal","MIL","153","632","28","79","77","5","17.2%","22.0%",".222",".279",".246",".380",".468",".361",".363","122","-5.1","13.1","20.6","5.3",".222","1.03","22.9%","39.1%","38.0%","122","24.4%","59.5%","38.4%","63.3%","84.1%","39.8%","34.3%","25.9%","14.8%","39.8%","45.4%","11368"
"Hunter Dozier","KCR","139","586","26","75","84","2","9.4%","25.3%",".243",".339",".279",".348",".522",".360",".334","123","-2.1","15.4","-5.7","2.9",".243","0.78","21.6%","34.5%","43.9%","123","30.1%","66.0%","44.7%","50.1%","90.4%","40.8%","34.5%","24.7%","13.9%","40.8%","45.3%","15117"
"Luke Voit","NYY","118","510","21","72","62","0","13.9%","27.8%",".200",".345",".263",".378",".464",".360",".363","125","-3.8","12.7","-13.6","1.7",".200","1.14","25.7%","39.6%","34.7%","125","26.6%","78.6%","47.4%","44.2%","78.1%","47.9%","31.6%","20.5%","13.2%","47.9%","38.9%","14811"
"Gleyber Torres","NYY","144","604","38","96","90","5","7.9%","21.4%",".256",".296",".278",".337",".535",".358",".338","124","-0.5","18.4","-2.6","3.6",".256","0.89","20.9%","37.2%","41.9%","124","35.1%","76.3%","51.8%","60.3%","83.8%","44.4%","31.9%","23.6%","14.9%","45.6%","39.5%","16997"
"Michael Conforto","NYM","151","648","33","90","92","7","13.0%","23.0%",".237",".290",".257",".363",".494",".358",".368","126","1.4","23.3","-6.0","3.7",".237","0.90","23.9%","36.1%","40.0%","126","27.3%","72.3%","45.7%","63.4%","81.8%","41.2%","31.1%","27.7%","13.6%","49.9%","36.5%","16376"
"Nick Castellanos","- - -","151","664","27","100","73","2","6.2%","21.5%",".236",".337",".289",".337",".525",".357",".359","121","-0.5","18.1","-12.6","2.7",".236","0.95","22.7%","37.7%","39.6%","121","40.9%","76.3%","54.7%","58.5%","87.9%","40.8%","32.8%","26.3%","12.6%","45.1%","42.3%","11737"
"Kyle Schwarber","CHC","155","610","38","82","92","2","11.5%","25.6%",".282",".276",".250",".339",".531",".357",".373","121","-2.3","14.3","-7.1","2.6",".282","0.90","19.8%","38.0%","42.2%","121","26.4%","66.8%","43.0%","60.3%","81.6%","40.1%","30.9%","29.0%","12.7%","45.4%","42.0%","16478"
"Trea Turner","WSN","122","569","19","96","57","35","7.6%","19.9%",".200",".348",".298",".353",".497",".356",".340","117","6.5","19.5","-1.5","3.5",".200","1.44","20.0%","47.2%","32.8%","117","31.9%","68.6%","46.7%","60.8%","89.8%","42.4%","32.7%","24.9%","17.1%","45.4%","37.6%","16252"
"Max Kepler","MIN","134","596","36","98","90","1","10.1%","16.6%",".267",".244",".252",".336",".519",".355",".343","121","-1.8","14.4","10.0","4.4",".267","0.78","17.2%","36.1%","46.6%","121","30.6%","75.8%","49.3%","62.1%","92.2%","53.4%","26.8%","19.8%","19.6%","38.0%","42.4%","12144"
"Matt Chapman","OAK","156","670","36","102","91","1","10.9%","21.9%",".257",".270",".249",".342",".506",".354",".353","126","0.9","23.0","17.1","6.2",".257","0.96","15.5%","41.5%","43.1%","126","24.8%","65.0%","42.0%","67.5%","83.5%","42.4%","34.6%","23.0%","15.9%","38.7%","45.3%","16505"
"Ryan Braun","MIL","144","508","22","70","75","11","6.7%","20.7%",".220",".325",".285",".343",".505",".354",".335","117","-0.7","11.0","-6.9","2.0",".220","1.66","19.2%","50.4%","30.4%","117","37.4%","72.7%","51.3%","59.9%","89.2%","41.2%","34.2%","24.6%","17.1%","37.5%","45.4%","3410"
"Ozzie Albies","ATL","160","702","24","102","86","15","7.7%","16.0%",".205",".325",".295",".352",".500",".354",".348","116","4.8","19.8","4.6","4.6",".205","1.04","25.5%","37.9%","36.6%","116","37.9%","81.4%","55.5%","67.4%","86.8%","45.5%","33.8%","20.7%","14.8%","42.9%","42.3%","16556"
"Shin-Soo Choo","TEX","151","660","24","93","61","15","11.8%","25.0%",".190",".333",".265",".371",".455",".353",".361","112","3.8","13.8","-19.2","1.7",".190","1.69","21.8%","49.1%","29.1%","112","22.7%","65.9%","41.9%","50.3%","81.4%","40.1%","36.1%","23.8%","11.8%","43.4%","44.9%","3174"
"Starling Marte","PIT","132","586","23","97","82","25","4.3%","16.0%",".208",".319",".295",".342",".503",".353",".353","118","3.4","17.4","-5.7","3.0",".208","1.79","21.4%","50.5%","28.2%","118","36.4%","77.4%","53.3%","63.5%","85.8%","39.7%","35.0%","25.3%","19.1%","43.5%","37.5%","9241"
"Jorge Polanco","MIN","153","704","22","107","79","4","8.5%","16.5%",".190",".328",".295",".356",".485",".352",".336","120","3.1","20.7","-3.9","4.0",".190","0.66","26.3%","29.2%","44.4%","120","28.5%","67.2%","44.6%","71.9%","90.7%","37.4%","36.5%","26.1%","15.3%","45.2%","39.5%","13152"
"Danny Santana","TEX","130","511","28","81","81","21","4.9%","29.5%",".251",".353",".283",".324",".534",".352",".346","111","4.6","11.6","-9.8","1.9",".251","1.15","24.7%","40.2%","35.1%","111","41.9%","74.2%","55.6%","58.2%","81.8%","42.1%","32.0%","25.9%","12.8%","42.1%","45.1%","10322"
"Francisco Lindor","CLE","143","654","32","101","74","22","7.0%","15.0%",".234",".291",".284",".335",".518",".349",".331","115","-2.0","11.0","12.1","4.5",".234","1.20","19.7%","43.7%","36.6%","115","35.4%","73.7%","51.2%","75.4%","91.6%","44.6%","32.9%","22.5%","16.4%","41.6%","42.0%","12916"
"Tommy Pham","TBR","145","654","21","77","68","25","12.4%","18.8%",".176",".316",".273",".369",".450",".349",".357","122","0.6","18.9","-7.5","3.3",".176","2.15","21.8%","53.4%","24.8%","122","19.9%","63.0%","38.4%","62.6%","88.6%","38.7%","36.2%","25.2%","15.3%","41.3%","43.4%","2967"
"Mike Moustakas","MIL","143","584","35","80","87","3","9.1%","16.8%",".262",".250",".254",".329",".516",".348",".348","114","-2.2","8.3","2.0","2.8",".262","0.79","18.9%","35.8%","45.3%","114","33.9%","74.1%","49.8%","66.3%","86.0%","40.7%","30.2%","29.0%","20.8%","37.7%","41.5%","4892"
"Javier Baez","CHC","138","561","29","89","85","11","5.0%","27.8%",".250",".345",".281",".316",".531",".347",".332","114","1.2","11.7","15.7","4.4",".250","1.59","18.1%","50.3%","31.6%","114","44.1%","74.3%","55.2%","54.2%","79.5%","36.1%","36.1%","27.9%","18.0%","44.6%","37.4%","12979"
"Rhys Hoskins","PHI","160","705","29","86","85","2","16.5%","24.5%",".228",".267",".226",".364",".454",".347",".337","113","-2.7","9.6","-9.8","2.2",".228","0.58","20.6%","29.0%","50.4%","113","24.0%","61.0%","39.2%","68.1%","84.0%","47.4%","33.3%","19.4%","15.6%","38.2%","46.2%","16472"
"Paul Goldschmidt","STL","161","682","34","97","97","3","11.4%","24.3%",".216",".303",".260",".346",".476",".346",".354","116","3.2","17.2","-9.3","2.9",".216","0.98","22.1%","38.5%","39.4%","116","31.4%","67.7%","46.4%","69.9%","80.1%","38.0%","37.6%","24.4%","14.5%","38.0%","47.5%","9218"
"Christian Walker","ARI","152","603","29","86","73","8","11.1%","25.7%",".217",".312",".259",".348",".476",".346",".363","111","2.6","11.4","-8.4","2.2",".217","1.08","20.0%","41.6%","38.4%","111","28.2%","78.0%","48.7%","58.0%","81.9%","39.5%","36.5%","24.0%","13.9%","40.0%","46.1%","13419"
"Brett Gardner","NYY","141","550","28","86","74","10","9.5%","19.6%",".253",".265",".251",".325",".503",".344",".291","115","4.6","15.0","2.5","3.6",".253","1.16","17.6%","44.2%","38.2%","115","24.8%","56.0%","38.3%","67.6%","91.2%","46.4%","32.9%","20.7%","20.5%","45.1%","34.5%","9927"
"Jose Abreu","CHW","159","693","33","85","123","2","5.2%","21.9%",".219",".320",".284",".330",".503",".344",".355","116","-5.3","9.0","-15.0","1.8",".219","1.45","21.7%","46.3%","31.9%","116","37.3%","67.1%","49.5%","62.1%","89.2%","44.3%","29.7%","26.0%","15.7%","43.7%","40.7%","15676"
"Eloy Jimenez","CHW","122","504","31","69","79","0","6.0%","26.6%",".246",".308",".267",".315",".513",".343",".350","116","1.8","11.8","-11.0","1.8",".246","1.41","18.2%","47.9%","33.9%","116","36.7%","71.6%","49.9%","56.5%","80.2%","43.2%","33.6%","23.2%","18.2%","44.0%","37.8%","17484"
"Brian Anderson","MIA","126","520","20","57","66","5","8.5%","21.9%",".207",".305",".261",".342",".468",".342",".339","115","-0.3","10.1","5.0","3.1",".207","1.28","19.3%","45.4%","35.3%","115","34.8%","65.9%","47.5%","58.7%","87.1%","38.2%","32.8%","29.0%","19.5%","36.2%","44.3%","18289"
"Adam Eaton","WSN","151","656","15","103","49","15","9.9%","16.2%",".148",".319",".279",".365",".428",".342",".324","108","3.5","10.3","-7.0","2.4",".148","0.98","20.0%","39.6%","40.4%","108","28.2%","63.2%","43.1%","72.3%","91.4%","32.8%","35.2%","32.0%","19.5%","46.4%","34.1%","11205"
"Eduardo Escobar","ARI","158","699","35","94","118","5","7.2%","18.6%",".242",".283",".269",".320",".511",".341",".325","108","2.9","10.5","3.9","3.6",".242","0.73","22.7%","32.8%","44.6%","108","40.8%","71.1%","52.5%","68.4%","85.0%","43.8%","35.5%","20.7%","12.8%","45.9%","41.3%","6153"
"Corey Seager","LAD","134","541","19","82","87","1","8.1%","18.1%",".211",".303",".272",".335",".483",".340",".329","113","3.4","12.7","4.1","3.3",".211","0.99","21.8%","39.0%","39.2%","113","30.7%","79.5%","51.1%","57.2%","86.9%","37.2%","34.7%","28.1%","14.7%","43.0%","42.3%","13624"
"Whit Merrifield","KCR","162","735","16","105","74","20","6.1%","17.1%",".160",".350",".302",".348",".463",".340",".317","110","1.5","10.9","-7.4","2.9",".160","1.14","28.5%","38.0%","33.5%","110","34.1%","69.1%","49.1%","73.4%","87.2%","36.6%","35.5%","28.0%","13.8%","47.8%","38.4%","11281"
"J.T. Realmuto","PHI","145","593","25","92","83","9","6.9%","20.7%",".217",".309",".275",".328",".493",".340",".340","108","5.4","12.0","27.8","5.7",".217","1.04","23.4%","39.0%","37.6%","108","34.8%","73.1%","50.7%","66.2%","86.2%","44.2%","31.7%","24.1%","14.2%","40.2%","45.6%","11739"
"Kevin Newman","PIT","130","531","12","61","64","16","5.3%","11.7%",".138",".333",".308",".353",".446",".339",".300","109","-0.2","6.4","0.5","2.3",".138","1.74","22.1%","49.4%","28.4%","109","37.3%","69.4%","50.7%","77.2%","94.3%","37.3%","34.1%","28.6%","20.3%","52.8%","27.0%","17696"
"Franmil Reyes","- - -","150","548","37","69","81","0","8.6%","28.5%",".263",".279",".249",".310",".512",".338",".360","109","-3.2","3.5","-11.5","1.0",".263","1.28","21.4%","44.1%","34.5%","109","34.3%","77.6%","51.5%","48.3%","76.8%","38.3%","38.6%","23.2%","13.9%","38.6%","47.5%","14566"
"Marcell Ozuna","STL","130","549","29","80","89","12","11.3%","20.8%",".231",".257",".241",".328",".472",".336",".375","109","1.6","8.0","0.0","2.5",".231","1.18","23.4%","41.4%","35.2%","109","30.0%","69.2%","44.9%","57.8%","86.0%","49.5%","31.7%","18.8%","11.8%","39.8%","48.4%","10324"
"Jonathan Villar","BAL","162","714","24","111","73","40","8.5%","24.6%",".179",".341",".274",".339",".453",".335",".312","109","10.5","18.6","-1.4","4.1",".179","1.56","19.8%","48.9%","31.3%","109","30.8%","75.1%","49.1%","63.5%","81.4%","39.6%","33.7%","26.7%","21.8%","49.2%","29.0%","10071"
"Manny Machado","SDP","156","661","32","81","85","5","9.8%","19.4%",".206",".274",".256",".334",".462",".335",".346","108","-1.7","5.5","4.9","3.1",".206","1.02","17.1%","41.8%","41.1%","108","31.4%","69.8%","46.6%","62.5%","87.6%","36.8%","36.1%","27.1%","19.0%","37.2%","43.7%","11493"
"Jose Ramirez","CLE","129","542","23","68","83","24","9.6%","13.7%",".224",".256",".255",".327",".479",".334",".342","105","6.7","10.4","5.7","3.4",".224","0.71","20.6%","32.9%","46.5%","105","26.4%","64.2%","42.3%","76.8%","92.3%","48.8%","29.2%","22.0%","17.9%","41.8%","40.3%","13510"
"Avisail Garcia","TBR","125","530","20","61","72","10","5.8%","23.6%",".182",".340",".282",".332",".464",".334",".343","112","-3.5","4.6","-4.2","1.9",".182","1.46","22.3%","46.0%","31.6%","112","40.0%","81.9%","56.4%","54.4%","80.6%","42.2%","36.5%","21.3%","18.5%","41.4%","40.1%","5760"
"Kolten Wong","STL","148","549","11","61","59","24","8.6%","15.1%",".138",".321",".285",".361",".423",".334",".292","108","7.1","12.9","7.2","3.7",".138","1.24","20.4%","44.0%","35.6%","108","31.4%","69.6%","47.4%","70.7%","92.1%","37.9%","36.5%","25.6%","20.7%","45.3%","34.0%","12532"
"Daniel Vogelbach","SEA","144","558","30","73","76","0","16.5%","26.7%",".232",".232",".208",".341",".439",".333",".342","111","-0.1","7.6","-11.2","1.6",".232","0.74","22.2%","33.0%","44.8%","111","22.0%","52.2%","34.1%","64.4%","81.1%","41.3%","34.0%","24.8%","19.4%","42.2%","38.4%","14130"
"Joey Votto","CIN","142","608","15","79","47","5","12.5%","20.2%",".150",".313",".261",".357",".411",".332",".341","101","-3.9","-3.3","-9.4","0.7",".150","0.98","25.2%","37.0%","37.8%","101","21.0%","68.1%","41.5%","69.3%","87.7%","36.0%","38.0%","25.9%","10.1%","48.4%","41.5%","4314"
"Christian Vazquez","BOS","138","521","23","66","72","4","6.3%","19.4%",".201",".305",".276",".320",".477",".331",".304","102","-4.2","-3.0","20.8","3.5",".201","1.04","23.0%","39.3%","37.7%","102","35.2%","69.0%","49.9%","70.8%","88.4%","36.2%","35.1%","28.7%","12.7%","53.7%","33.6%","9774"
"Asdrubal Cabrera","- - -","131","514","18","69","91","4","11.1%","20.0%",".181",".294",".260",".342",".441",".331",".317","98","-4.2","-5.3","6.9","1.9",".181","1.02","23.8%","38.4%","37.8%","98","28.8%","67.1%","45.3%","70.5%","87.3%","50.1%","27.6%","22.2%","12.3%","45.0%","42.7%","4962"
"Yasiel Puig","- - -","149","611","24","76","84","19","7.2%","21.8%",".191",".308",".267",".327",".458",".330",".320","101","-0.9","-0.2","-7.1","1.3",".191","0.94","21.2%","38.1%","40.7%","101","34.2%","77.8%","52.6%","59.3%","83.2%","36.2%","34.3%","29.6%","20.2%","41.3%","38.5%","14225"
"Kole Calhoun","LAA","152","632","33","92","74","4","11.1%","25.6%",".236",".265",".232",".325",".467",".330",".337","106","-1.2","3.4","-1.1","2.4",".236","1.10","22.3%","40.8%","36.9%","106","29.0%","75.2%","48.1%","48.5%","80.9%","50.5%","29.3%","20.2%","13.5%","44.1%","42.3%","11200"
"Ryan McMahon","COL","141","539","24","70","83","5","10.4%","29.7%",".200",".323",".250",".329",".450",".330",".323","88","0.1","-8.4","-2.6","0.6",".200","1.82","21.3%","50.8%","27.9%","88","29.2%","76.7%","49.5%","54.5%","78.3%","33.9%","38.2%","28.0%","14.6%","41.3%","44.1%","15112"
"Andrew Benintendi","BOS","138","615","13","72","68","10","9.6%","22.8%",".165",".333",".266",".343",".431",".330",".337","101","2.7","3.2","-4.1","2.0",".165","0.94","21.0%","38.3%","40.7%","101","32.9%","78.6%","51.2%","68.9%","82.6%","35.2%","37.9%","26.9%","13.4%","48.4%","38.1%","17901"
"Vladimir Guerrero Jr.","TOR","123","514","15","52","69","0","8.9%","17.7%",".162",".308",".272",".339",".433",".329",".327","105","-6.6","-3.4","-10.6","0.4",".162","1.50","17.3%","49.6%","33.1%","105","31.6%","71.9%","46.8%","63.7%","87.2%","41.3%","36.8%","21.9%","20.8%","44.8%","34.4%","19611"
"Eddie Rosario","MIN","137","590","32","91","109","3","3.7%","14.6%",".224",".273",".276",".300",".500",".329",".324","103","0.2","2.8","-11.7","1.2",".224","0.89","20.4%","37.4%","42.2%","103","46.3%","80.4%","59.1%","75.3%","85.1%","48.8%","30.7%","20.5%","15.4%","45.6%","39.0%","12155"
"Jason Heyward","CHC","147","589","21","78","62","8","11.5%","18.7%",".177",".281",".251",".343",".429",".328",".320","101","2.1","3.1","-1.7","2.0",".177","1.36","19.6%","46.3%","34.2%","101","30.3%","68.0%","45.4%","67.7%","87.8%","41.9%","36.5%","21.7%","17.7%","47.0%","35.2%","4940"
"Wilson Ramos","NYM","141","524","14","52","73","1","8.4%","13.2%",".129",".310",".288",".351",".416",".327",".314","105","-5.8","-2.3","-0.1","1.4",".129","3.26","18.4%","62.4%","19.2%","105","37.5%","76.1%","53.9%","69.1%","89.5%","39.8%","34.6%","25.6%","18.2%","49.6%","32.2%","1433"
"Domingo Santana","SEA","121","507","21","63","69","8","9.9%","32.3%",".188",".347",".253",".329",".441",".326",".336","106","0.5","4.7","-22.4","0.0",".188","1.38","26.6%","42.6%","30.8%","106","26.4%","71.7%","46.7%","51.9%","78.1%","39.4%","34.6%","26.0%","12.8%","44.3%","42.9%","10348"
"Dexter Fowler","STL","150","574","19","69","67","8","12.9%","24.7%",".170",".294",".238",".346",".409",".326",".336","103","-0.3","1.6","-4.7","1.5",".170","1.08","25.3%","38.8%","35.9%","103","25.3%","68.6%","42.5%","62.3%","82.4%","40.3%","37.1%","22.6%","17.7%","44.9%","37.4%","4062"
"Renato Nunez","BAL","151","599","31","72","90","1","7.3%","23.9%",".216",".272",".244",".311",".460",".323",".333","100","0.3","0.6","-14.7","0.7",".216","0.70","21.1%","32.6%","46.3%","100","37.5%","67.7%","49.5%","61.5%","85.1%","44.3%","29.6%","26.1%","20.4%","43.0%","36.6%","14503"
"Evan Longoria","SFG","129","508","20","59","69","3","8.5%","22.0%",".183",".291",".254",".325",".437",".322",".351","100","-1.3","-1.3","4.6","1.9",".183","1.10","21.7%","41.0%","37.3%","100","32.6%","66.6%","46.8%","67.6%","82.9%","39.3%","39.9%","20.8%","11.0%","45.1%","43.9%","9368"
"Paul DeJong","STL","159","664","30","97","78","9","9.3%","22.4%",".211",".259",".233",".318",".444",".322",".322","100","2.3","2.1","18.5","4.1",".211","0.85","18.0%","37.7%","44.3%","100","31.1%","71.4%","48.7%","60.7%","86.5%","47.5%","33.2%","19.3%","19.1%","39.3%","41.6%","18015"
"Adam Frazier","PIT","152","608","10","80","50","5","6.6%","12.3%",".139",".306",".278",".336",".417",".320",".314","97","0.7","-2.0","4.9","2.2",".139","1.24","25.9%","41.1%","33.1%","97","30.9%","70.4%","48.0%","77.0%","90.9%","38.4%","32.9%","28.7%","18.4%","51.7%","30.0%","15223"
"Brandon Belt","SFG","156","616","17","76","57","4","13.5%","20.6%",".169",".275",".234",".339",".403",".319",".345","98","-1.6","-3.3","-12.9","0.4",".169","0.58","23.0%","28.3%","48.7%","98","26.8%","75.0%","46.0%","66.7%","86.8%","41.4%","32.8%","25.8%","13.6%","45.4%","40.9%","10264"
"Alex Gordon","KCR","150","633","13","77","76","5","8.1%","15.8%",".129",".301",".266",".345",".396",".319",".327","95","-2.4","-6.1","-3.5","1.2",".129","1.50","23.1%","46.2%","30.7%","95","30.1%","72.5%","47.9%","65.5%","88.8%","40.6%","34.8%","24.6%","14.5%","46.7%","38.9%","5209"
"Miguel Cabrera","DET","136","549","12","41","59","0","8.7%","19.7%",".116",".336",".282",".346",".398",".318",".328","96","-6.3","-9.4","-13.9","-0.4",".116","1.38","24.4%","43.8%","31.8%","96","36.8%","68.8%","49.5%","65.9%","87.9%","31.3%","37.7%","31.0%","12.1%","43.8%","44.1%","1744"
"Hanser Alberto","BAL","139","550","12","62","51","4","2.9%","9.1%",".116",".318",".305",".329",".422",".318",".296","97","-1.7","-3.6","4.8","2.0",".116","1.44","20.8%","46.8%","32.5%","97","47.6%","73.7%","58.3%","78.7%","93.6%","43.5%","34.4%","22.1%","17.5%","57.9%","24.6%","11902"
"Amed Rosario","NYM","157","655","15","75","72","19","4.7%","18.9%",".144",".338",".287",".323",".432",".318",".313","99","1.3","0.8","5.9","2.7",".144","1.65","22.4%","48.3%","29.3%","99","38.1%","71.8%","51.7%","64.0%","88.2%","30.4%","43.7%","26.0%","14.5%","52.1%","33.4%","15518"
"David Fletcher","LAA","154","653","6","83","49","8","8.4%","9.8%",".094",".317",".290",".350",".384",".318",".316","98","-0.8","-2.9","13.6","3.3",".094","1.48","26.4%","44.0%","29.6%","98","25.3%","48.7%","36.2%","82.6%","96.1%","44.8%","32.2%","23.0%","17.6%","50.2%","32.2%","17992"
"Dansby Swanson","ATL","127","545","17","77","65","10","9.4%","22.8%",".172",".300",".251",".325",".422",".317",".350","92","3.9","-1.7","-0.8","1.5",".172","1.00","25.8%","37.1%","37.1%","92","27.9%","70.4%","45.8%","59.2%","82.5%","41.6%","32.1%","26.3%","12.3%","45.2%","42.5%","18314"
"Victor Robles","WSN","155","617","17","86","65","28","5.7%","22.7%",".165",".310",".255",".326",".419",".317",".291","92","4.2","-2.6","8.5","2.5",".165","1.10","23.0%","40.3%","36.7%","92","31.9%","71.4%","48.9%","63.9%","86.9%","45.1%","31.7%","23.3%","24.5%","50.6%","24.9%","18363"
"Cesar Hernandez","PHI","161","667","14","77","71","9","6.7%","15.0%",".129",".313",".279",".333",".408",".315",".299","92","1.5","-5.2","1.6","1.8",".129","1.69","22.7%","48.6%","28.7%","92","29.8%","65.4%","45.5%","73.8%","90.5%","38.0%","33.1%","28.9%","21.1%","45.9%","32.9%","10556"
"Colin Moran","PIT","149","503","13","46","80","0","6.0%","23.3%",".152",".341",".277",".322",".429",".315",".311","93","-3.4","-7.7","-7.8","0.1",".152","1.36","24.1%","43.8%","32.1%","93","39.0%","75.9%","53.6%","64.9%","86.9%","42.8%","34.6%","22.7%","15.3%","50.1%","34.6%","16909"
"Jean Segura","PHI","144","618","12","79","60","10","4.9%","11.8%",".141",".302",".280",".323",".420",".315",".310","92","5.7","-0.5","5.0","2.4",".141","1.91","21.0%","51.9%","27.1%","92","37.2%","61.0%","47.0%","77.6%","94.3%","34.5%","39.8%","25.6%","20.7%","46.2%","33.1%","5933"
"Nick Ahmed","ARI","158","625","19","79","82","8","8.3%","18.1%",".183",".280",".254",".316",".437",".315",".323","91","2.2","-5.3","9.0","2.3",".183","1.52","19.9%","48.3%","31.8%","91","31.0%","73.4%","49.3%","64.1%","88.5%","36.8%","39.0%","24.1%","16.7%","45.6%","37.7%","12147"
"Jackie Bradley Jr.","BOS","147","567","21","69","62","8","9.9%","27.3%",".196",".281",".225",".317",".421",".314",".313","90","0.5","-6.9","1.3","1.4",".196","1.48","17.0%","49.6%","33.4%","90","30.0%","71.5%","48.0%","56.5%","76.4%","42.2%","34.6%","23.3%","16.0%","48.3%","35.8%","12984"
"Willy Adames","TBR","152","584","20","69","52","4","7.9%","26.2%",".164",".320",".254",".317",".418",".313",".319","97","2.2","0.3","8.5","2.9",".164","1.54","22.9%","46.8%","30.3%","97","27.5%","70.3%","46.9%","57.1%","84.5%","38.2%","35.9%","25.9%","13.4%","44.5%","42.1%","15986"
"Eric Hosmer","SDP","160","667","22","72","99","0","6.0%","24.4%",".160",".323",".265",".310",".425",".309",".307","91","-5.2","-12.9","-12.4","-0.4",".160","2.42","20.9%","56.0%","23.1%","91","35.9%","72.8%","50.0%","58.1%","84.9%","33.0%","39.9%","27.1%","18.2%","41.6%","40.1%","3516"
"Albert Pujols","LAA","131","545","23","55","93","3","7.9%","12.5%",".185",".238",".244",".305",".430",".308",".314","91","-4.4","-10.5","-13.9","-0.5",".185","1.19","15.3%","45.9%","38.7%","91","32.9%","60.8%","44.5%","73.5%","90.5%","52.7%","30.6%","16.7%","19.5%","41.3%","39.2%","1177"
"Adam Jones","ARI","137","528","16","66","67","2","5.9%","19.1%",".155",".296",".260",".313",".414",".308",".318","87","-2.0","-11.3","-7.5","-0.2",".155","1.14","19.2%","43.1%","37.7%","87","41.4%","72.9%","54.1%","59.4%","86.9%","43.9%","34.6%","21.4%","16.5%","45.7%","37.7%","6368"
"Josh Reddick","HOU","141","550","14","57","56","5","6.5%","12.0%",".134",".288",".275",".319",".409",".308",".308","94","0.4","-3.7","-4.9","1.0",".134","1.04","23.5%","39.1%","37.5%","94","33.1%","74.2%","50.8%","76.5%","92.8%","35.7%","38.4%","25.8%","17.1%","50.6%","32.4%","3892"
"Freddy Galvis","- - -","147","589","23","67","70","4","4.8%","24.6%",".178",".312",".260",".296",".438",".307",".280","89","-0.8","-9.1","3.1","1.4",".178","1.04","20.9%","40.4%","38.7%","89","40.2%","73.2%","54.0%","63.4%","81.9%","42.9%","30.4%","26.7%","13.3%","48.7%","38.1%","6609"
"Randal Grichuk","TOR","151","628","31","75","80","2","5.6%","26.0%",".225",".266",".232",".280",".457",".307",".304","90","-3.8","-12.1","-4.5","0.5",".225","0.93","18.8%","39.1%","42.1%","90","36.4%","70.6%","50.2%","57.4%","87.2%","47.1%","32.5%","20.5%","19.3%","43.5%","37.2%","10243"
"Starlin Castro","MIA","162","676","22","68","86","2","4.1%","16.4%",".165",".293",".270",".300",".436",".307",".311","92","-4.2","-11.5","3.6","1.4",".165","1.45","19.1%","47.9%","33.0%","92","34.5%","69.4%","49.2%","70.2%","90.9%","44.0%","33.9%","22.1%","15.9%","42.1%","41.9%","4579"
"Jose Iglesias","CIN","146","530","11","62","59","6","3.8%","13.2%",".119",".315",".288",".318",".407",".306",".277","84","-1.9","-13.1","11.9","1.6",".119","2.16","23.7%","52.2%","24.1%","84","46.7%","68.1%","55.4%","81.6%","90.5%","38.2%","36.6%","25.2%","19.7%","49.7%","30.7%","10231"
"Miguel Rojas","MIA","132","526","5","52","46","9","6.1%","11.8%",".095",".314",".284",".331",".379",".305",".305","91","-2.9","-9.2","12.6","2.0",".095","1.58","23.6%","46.8%","29.6%","91","32.2%","65.9%","47.0%","74.4%","91.1%","31.4%","39.3%","29.3%","14.3%","50.1%","35.6%","7802"
"Lorenzo Cain","MIL","148","623","11","75","48","18","8.0%","17.0%",".112",".301",".260",".325",".372",".302",".330","83","0.4","-13.2","9.0","1.5",".112","2.08","25.7%","50.2%","24.1%","83","28.0%","66.6%","44.7%","66.3%","91.4%","31.5%","36.1%","32.4%","16.3%","47.2%","36.5%","9077"
"Rougned Odor","TEX","145","581","30","77","93","11","9.0%","30.6%",".234",".244",".205",".283",".439",".302",".318","77","2.2","-14.9","-2.3","0.3",".234","0.73","17.4%","34.7%","47.9%","77","33.1%","67.6%","47.4%","57.4%","84.0%","47.4%","33.5%","19.1%","17.9%","36.4%","45.7%","12282"
"Jurickson Profar","OAK","139","518","20","65","67","9","9.3%","14.5%",".192",".218",".218",".301",".410",".301",".317","90","1.8","-4.8","0.7","1.4",".192","1.12","21.7%","41.3%","37.0%","90","29.0%","68.9%","45.2%","68.4%","89.6%","49.9%","27.6%","22.5%","22.0%","40.3%","37.7%","10815"
"Jason Kipnis","CLE","121","511","17","52","65","7","7.8%","17.2%",".166",".265",".245",".304",".410",".301",".312","83","0.0","-11.1","4.8","1.1",".166","0.97","18.9%","39.9%","41.2%","83","29.6%","67.0%","46.0%","63.6%","91.4%","43.3%","34.4%","22.3%","14.4%","48.8%","36.7%","9776"
"Elvis Andrus","TEX","147","648","12","81","72","31","5.2%","14.8%",".118",".305",".275",".313",".393",".300",".308","76","3.5","-16.5","8.5","1.4",".118","1.84","21.3%","51.0%","27.7%","76","34.9%","62.0%","46.4%","68.6%","90.9%","37.0%","36.4%","26.7%","14.0%","47.5%","38.5%","8709"
"Kevin Pillar","- - -","161","645","21","83","88","14","2.8%","13.8%",".173",".270",".259",".287",".432",".298",".299","84","6.0","-7.7","1.2","1.4",".173","1.22","19.7%","44.1%","36.3%","84","48.8%","74.6%","58.6%","74.4%","93.0%","48.0%","29.7%","22.3%","20.2%","42.5%","37.2%","12434"
"Leury Garcia","CHW","140","618","8","93","40","15","3.4%","22.5%",".099",".353",".279",".310",".378",".294",".271","83","5.6","-8.2","-0.9","1.2",".099","2.33","21.5%","54.9%","23.6%","83","38.5%","73.2%","53.9%","63.5%","86.6%","33.2%","32.7%","34.1%","14.2%","57.3%","28.5%","5913"
"Khris Davis","OAK","133","533","23","61","73","0","8.8%","27.4%",".166",".264",".220",".293",".387",".289",".310","82","-2.2","-14.7","-13.5","-0.9",".166","1.13","20.5%","42.1%","37.4%","82","30.7%","82.2%","51.9%","48.0%","77.8%","40.4%","35.9%","23.7%","11.9%","42.1%","46.0%","9112"
"Yolmer Sanchez","CHW","149","555","2","59","43","5","7.9%","21.1%",".069",".324",".252",".318",".321",".281",".269","73","2.0","-16.8","7.0","1.0",".069","1.22","21.2%","43.2%","35.5%","73","33.2%","67.8%","48.1%","69.6%","85.3%","31.4%","34.4%","34.2%","20.6%","52.2%","27.2%","11602"
"Brandon Crawford","SFG","147","560","11","58","59","3","9.5%","20.9%",".122",".274",".228",".304",".350",".281",".303","73","-0.9","-21.0","5.9","0.3",".122","1.70","23.4%","48.2%","28.4%","73","32.0%","78.1%","51.3%","60.2%","82.4%","38.8%","38.2%","23.0%","17.8%","42.9%","39.3%","5343"
"Mallex Smith","SEA","134","566","6","70","37","46","7.4%","24.9%",".108",".302",".227",".300",".335",".278",".255","74","8.5","-10.6","-9.3","0.0",".108","1.70","19.0%","51.0%","30.0%","74","29.3%","68.9%","47.3%","60.8%","80.3%","31.7%","36.8%","31.5%","25.0%","48.7%","26.3%","13608"
"Orlando Arcia","MIL","152","546","15","51","59","8","7.9%","20.0%",".128",".253",".223",".283",".350",".269",".274","62","0.9","-26.8","5.4","-0.4",".128","1.68","18.0%","51.4%","30.6%","62","33.3%","66.9%","47.6%","66.5%","84.9%","37.2%","36.4%","26.5%","19.6%","47.3%","33.1%","13185"
